"user_id","count","per_week_retention"
11768.0,1,0
11770.0,1,0
11775.0,2,1
11778.0,3,0
11779.0,5,1
11780.0,2,1
11785.0,1,0
11787.0,3,1
11791.0,2,1
11793.0,6,1
11795.0,2,1
11798.0,6,1
11799.0,10,1
11801.0,2,1
11804.0,2,1
11806.0,1,0
11809.0,1,0
11811.0,2,1
11813.0,6,0
11816.0,3,0
11818.0,2,1
11820.0,4,1
11823.0,3,1
11824.0,7,1
11825.0,3,1
11826.0,2,1
11828.0,3,1
11829.0,3,1
11832.0,4,1
11833.0,14,1
11834.0,2,1
11838.0,2,1
11839.0,1,0
11840.0,2,1
11841.0,6,1
11842.0,6,1
11843.0,3,1
11844.0,6,1
11849.0,3,1
11850.0,3,0
11852.0,5,1
11854.0,3,1
11858.0,6,1
11859.0,4,1
11863.0,6,1
11864.0,2,1
11865.0,3,1
11868.0,9,1
11872.0,2,1
11874.0,2,1
11875.0,2,1
11876.0,2,1
11877.0,8,1
11879.0,2,1
11881.0,6,1
11882.0,2,1
11884.0,1,0
11887.0,2,1
11888.0,5,0
11889.0,2,1
11893.0,14,1
11894.0,1,0
11895.0,3,1
11896.0,2,1
11898.0,1,0
11899.0,4,1
11900.0,6,1
11901.0,4,1
11906.0,11,1
11908.0,3,1
11909.0,7,1
11914.0,6,1
11919.0,3,1
11920.0,2,1
11924.0,1,0
11926.0,9,1
11928.0,7,0
11929.0,1,0
11931.0,7,1
11933.0,7,1
11936.0,4,1
11939.0,2,1
11940.0,4,1
11942.0,7,1
11944.0,3,1
11947.0,2,1
11949.0,6,1
11953.0,3,1
11955.0,5,0
11960.0,2,1
11961.0,1,0
11962.0,3,1
11963.0,4,1
11971.0,1,0
11972.0,6,0
11973.0,1,0
11975.0,2,1
11981.0,1,0
11984.0,5,1
11986.0,6,1
11990.0,3,0
11991.0,1,0
11992.0,6,1
11994.0,1,0
11995.0,1,0
11997.0,1,0
11998.0,5,0
11999.0,2,0
12001.0,8,1
12005.0,2,0
12007.0,11,1
12010.0,2,0
12014.0,5,1
12019.0,1,0
12021.0,1,0
12022.0,1,0
12023.0,5,1
12026.0,1,0
12027.0,1,0
12028.0,1,0
12029.0,4,1
12030.0,1,0
12031.0,1,0
12033.0,6,1
12034.0,14,1
12035.0,2,0
12040.0,7,0
12042.0,3,1
12045.0,2,0
12048.0,3,1
12050.0,5,1
12053.0,3,1
12054.0,9,1
12056.0,3,1
12057.0,1,0
12058.0,5,1
12061.0,1,0
12063.0,3,1
12066.0,3,0
12072.0,5,1
12073.0,4,1
12074.0,1,0
12076.0,2,0
12077.0,1,0
12079.0,9,1
12081.0,6,1
12082.0,1,0
12084.0,3,1
12085.0,2,1
12087.0,3,1
12089.0,2,1
12093.0,2,1
12095.0,9,1
12097.0,3,0
12101.0,1,0
12102.0,2,0
12103.0,1,0
12106.0,1,0
12107.0,5,1
12111.0,1,0
12113.0,2,0
12118.0,2,0
12119.0,3,0
12120.0,1,0
12121.0,1,0
12122.0,4,0
12127.0,7,1
12133.0,2,1
12135.0,2,1
12136.0,3,1
12137.0,4,1
12138.0,4,1
12141.0,2,1
12144.0,5,1
12147.0,4,1
12148.0,4,1
12149.0,4,1
12151.0,1,0
12152.0,8,1
12153.0,5,1
12161.0,6,1
12162.0,4,0
12164.0,13,1
12165.0,2,1
12167.0,3,1
12169.0,4,1
12170.0,6,1
12171.0,1,0
12173.0,3,1
12174.0,1,0
12176.0,3,1
12178.0,6,1
12180.0,2,1
12181.0,4,1
12183.0,3,1
12184.0,2,1
12185.0,6,1
12188.0,3,1
12189.0,5,1
12191.0,3,1
12193.0,2,1
12196.0,1,0
12202.0,2,1
12205.0,13,1
12208.0,2,1
12212.0,5,1
12213.0,3,1
12214.0,3,1
12216.0,9,1
12217.0,3,1
12221.0,7,1
12225.0,2,1
12227.0,3,1
12228.0,7,1
12230.0,2,1
12233.0,1,0
12235.0,1,0
12236.0,4,1
12237.0,8,1
12238.0,2,1
12241.0,7,1
12243.0,2,0
12246.0,9,1
12247.0,2,1
12248.0,12,1
12249.0,5,1
12250.0,6,1
12251.0,5,1
12256.0,2,1
12263.0,7,1
12265.0,4,1
12266.0,4,1
12267.0,2,1
12268.0,1,0
12270.0,2,1
12277.0,2,1
12279.0,2,1
12281.0,2,1
12282.0,1,0
12284.0,2,1
12285.0,1,0
12290.0,2,1
12291.0,2,1
12292.0,5,1
12293.0,3,1
12294.0,1,0
12296.0,1,0
12297.0,4,1
12301.0,3,0
12302.0,3,1
12303.0,1,0
12310.0,6,1
12311.0,5,1
12312.0,1,0
12313.0,3,1
12315.0,3,1
12318.0,5,0
12319.0,3,0
12323.0,10,1
12324.0,3,1
12325.0,2,0
12326.0,1,0
12327.0,1,0
12328.0,2,1
12330.0,3,1
12333.0,11,1
12334.0,1,0
12335.0,4,1
12337.0,3,1
12341.0,6,1
12346.0,1,0
12348.0,7,1
12350.0,3,1
12352.0,4,1
12355.0,4,1
12356.0,4,0
12357.0,10,1
12358.0,8,1
12361.0,3,0
12363.0,3,1
12367.0,9,1
12369.0,1,0
12370.0,2,1
12372.0,7,1
12373.0,9,1
12375.0,5,0
12382.0,5,1
12383.0,2,1
12386.0,3,1
12388.0,1,0
12389.0,14,1
12391.0,4,1
12393.0,9,1
12395.0,4,0
12397.0,2,1
12400.0,5,1
12402.0,1,0
12403.0,3,0
12404.0,2,0
12406.0,4,1
12407.0,2,1
12408.0,6,0
12411.0,2,1
12417.0,2,1
12420.0,5,1
12421.0,4,1
12425.0,5,1
12429.0,3,1
12432.0,3,1
12434.0,3,1
12436.0,4,1
12438.0,3,1
12439.0,4,0
12440.0,1,0
12441.0,1,0
12443.0,2,1
12445.0,3,1
12447.0,2,1
12448.0,1,0
12449.0,9,1
12451.0,3,1
12452.0,1,0
12454.0,3,1
12456.0,6,1
12460.0,1,0
12462.0,3,1
12463.0,1,0
12464.0,5,1
12468.0,3,1
12470.0,6,0
12471.0,3,1
12472.0,2,1
12473.0,3,1
12474.0,3,0
12477.0,6,1
12478.0,1,0
12480.0,6,1
12481.0,5,0
12483.0,6,0
12486.0,3,1
12487.0,3,1
12488.0,1,0
12490.0,5,1
12492.0,2,1
12493.0,11,1
12496.0,3,1
12497.0,2,1
12499.0,3,0
12501.0,9,1
12503.0,1,0
12505.0,2,1
12506.0,2,1
12509.0,2,1
12510.0,2,1
12512.0,2,1
12515.0,2,1
12516.0,1,0
12517.0,5,1
12518.0,4,1
12519.0,2,1
12521.0,2,1
12522.0,2,1
12524.0,5,1
12526.0,2,1
12527.0,2,1
12529.0,3,1
12530.0,2,1
12531.0,4,1
12534.0,1,0
12537.0,2,1
12539.0,2,1
12541.0,3,1
12543.0,7,1
12544.0,1,0
12545.0,3,1
12547.0,7,1
12548.0,4,1
12550.0,4,1
12551.0,2,1
12553.0,2,1
12554.0,2,1
12558.0,3,1
12560.0,2,1
12562.0,4,1
12564.0,2,1
12565.0,10,1
12567.0,7,1
12569.0,3,1
12570.0,1,0
12571.0,3,1
12573.0,2,1
12574.0,2,1
12576.0,2,1
12577.0,2,1
12578.0,3,1
12582.0,1,0
12584.0,7,1
12585.0,6,1
12586.0,2,1
12589.0,3,1
12591.0,3,1
12593.0,10,1
12594.0,4,1
12595.0,3,1
12599.0,6,1
12600.0,2,1
12603.0,2,1
12604.0,5,1
12605.0,3,1
12607.0,9,1
12608.0,3,1
12610.0,8,1
12611.0,4,1
12613.0,5,1
12615.0,2,1
12617.0,13,1
12621.0,2,1
12627.0,3,1
12628.0,6,1
12630.0,5,1
12632.0,2,1
12633.0,8,1
12636.0,2,1
12637.0,4,1
12640.0,4,1
12641.0,4,1
12648.0,4,1
12652.0,4,0
12654.0,2,1
12655.0,1,0
12656.0,2,1
12658.0,1,0
12660.0,3,1
12662.0,9,1
12663.0,2,1
12665.0,1,0
12666.0,3,0
12670.0,13,1
12672.0,3,1
12674.0,1,0
12678.0,8,1
12679.0,3,0
12683.0,4,1
12685.0,1,0
12686.0,4,1
12687.0,3,1
12689.0,4,1
12692.0,1,0
12695.0,1,0
12696.0,2,1
12697.0,1,0
12698.0,1,0
12700.0,2,0
12703.0,4,1
12705.0,1,0
12708.0,6,1
12709.0,2,0
12710.0,1,0
12716.0,6,1
12718.0,1,0
12723.0,1,0
12725.0,6,1
12728.0,1,0
12732.0,1,0
12733.0,4,1
12735.0,7,1
12738.0,1,0
12741.0,4,1
12742.0,3,1
12743.0,4,0
12744.0,5,1
12745.0,2,1
12747.0,4,1
12748.0,3,1
12749.0,3,1
12751.0,4,1
12752.0,11,1
12753.0,2,1
12754.0,3,0
12757.0,5,0
12758.0,7,1
12759.0,4,1
12761.0,6,1
12764.0,9,1
12770.0,2,1
12771.0,1,0
12772.0,4,1
12773.0,2,1
12776.0,2,1
12777.0,4,0
12780.0,4,1
12783.0,1,0
12784.0,1,0
12785.0,1,0
12786.0,3,1
12788.0,3,1
12791.0,1,0
12792.0,5,1
12797.0,7,1
12798.0,4,1
12800.0,3,1
12801.0,2,0
12805.0,1,0
12809.0,1,0
12810.0,4,1
12811.0,3,0
12817.0,3,0
12818.0,2,1
12820.0,2,0
12824.0,1,0
12827.0,1,0
12828.0,2,1
12829.0,2,1
12832.0,2,0
12833.0,2,1
12842.0,1,0
12843.0,6,1
12844.0,3,1
12845.0,1,0
12849.0,9,1
12850.0,6,1
12852.0,2,1
12853.0,5,1
12856.0,4,1
12859.0,3,1
12864.0,12,1
12865.0,2,1
12867.0,3,0
12872.0,3,1
12874.0,3,1
12875.0,3,0
12879.0,3,1
12880.0,9,0
12881.0,2,1
12882.0,4,1
12883.0,6,1
12887.0,3,1
12888.0,9,1
12889.0,2,1
12890.0,11,1
12891.0,4,1
12893.0,4,1
12894.0,7,1
12897.0,3,1
12899.0,6,1
12900.0,5,1
12902.0,11,1
12903.0,3,1
12904.0,4,1
12907.0,7,1
12910.0,1,0
12911.0,3,1
12912.0,4,1
12915.0,1,0
12916.0,4,1
12918.0,2,1
12921.0,1,0
12924.0,2,1
12925.0,3,1
12927.0,2,0
12928.0,7,1
12929.0,3,1
12931.0,6,1
12934.0,4,1
12936.0,3,1
12937.0,10,1
12939.0,3,1
12942.0,2,1
12944.0,3,1
12945.0,5,1
12946.0,8,1
12949.0,2,1
12950.0,2,1
12955.0,3,1
12957.0,8,1
12959.0,2,1
12963.0,6,1
12964.0,8,1
12968.0,3,1
12969.0,4,0
12970.0,2,1
12971.0,4,1
12972.0,1,0
12973.0,3,1
12976.0,14,1
12977.0,6,1
12982.0,9,1
12985.0,3,1
12988.0,2,1
12992.0,6,0
12994.0,8,1
12995.0,14,1
12996.0,3,1
12997.0,1,0
12998.0,3,1
13003.0,2,1
13004.0,7,1
13005.0,1,0
13007.0,6,1
13010.0,4,1
13014.0,1,0
13015.0,5,0
13017.0,3,1
13020.0,3,0
13022.0,1,0
13023.0,2,0
13025.0,7,1
13029.0,1,0
13030.0,1,0
13034.0,3,1
13036.0,1,0
13041.0,1,0
13042.0,1,0
13044.0,2,1
13046.0,4,1
13047.0,2,0
13048.0,2,0
13049.0,1,0
13056.0,3,1
13059.0,7,1
13060.0,5,1
13065.0,2,0
13067.0,3,1
13072.0,4,0
13073.0,4,1
13074.0,2,1
13078.0,1,0
13079.0,4,1
13084.0,5,1
13088.0,2,1
13093.0,1,0
13098.0,2,0
13099.0,3,0
13100.0,2,1
13101.0,1,0
13102.0,2,1
13104.0,3,0
13105.0,2,0
13108.0,3,0
13110.0,2,1
13111.0,5,1
13112.0,7,0
13113.0,3,0
13114.0,2,1
13115.0,1,0
13117.0,3,1
13118.0,6,1
13119.0,1,0
13121.0,6,1
13122.0,2,1
13127.0,2,1
13128.0,7,1
13129.0,1,0
13132.0,4,1
13134.0,3,0
13137.0,1,0
13139.0,1,0
13140.0,4,0
13141.0,4,0
13143.0,2,0
13144.0,5,1
13145.0,1,0
13146.0,5,0
13147.0,3,1
13148.0,2,1
13151.0,1,0
13152.0,10,1
13154.0,2,1
13156.0,4,1
13158.0,1,0
13160.0,1,0
13161.0,4,1
13162.0,2,0
13164.0,1,0
13165.0,7,0
13172.0,4,1
13173.0,2,1
13174.0,2,1
13175.0,1,0
13177.0,1,0
13178.0,3,0
13179.0,1,0
13183.0,6,1
13184.0,8,1
13186.0,4,1
13190.0,2,1
13191.0,3,1
13192.0,3,0
13195.0,1,0
13198.0,4,1
13200.0,1,0
13201.0,3,1
13202.0,6,0
13204.0,2,1
13205.0,2,1
13209.0,1,0
13211.0,2,0
13214.0,5,1
13215.0,4,1
13216.0,5,1
13220.0,9,0
13221.0,6,1
13223.0,2,1
13225.0,4,0
13226.0,2,1
13227.0,3,1
13229.0,8,1
13232.0,5,0
13233.0,3,0
13235.0,5,1
13236.0,4,1
13238.0,2,1
13240.0,3,0
13243.0,2,1
13244.0,9,1
13245.0,1,0
13246.0,3,1
13247.0,14,1
13248.0,3,1
13249.0,4,1
13252.0,5,1
13255.0,1,0
13256.0,6,1
13258.0,4,1
13261.0,4,0
13262.0,5,1
13263.0,3,1
13267.0,7,1
13269.0,1,0
13270.0,2,1
13272.0,3,1
13273.0,6,1
13275.0,1,0
13277.0,5,1
13278.0,7,0
13279.0,4,1
13280.0,5,1
13285.0,2,1
13286.0,1,0
13288.0,4,1
13290.0,12,1
13291.0,2,1
13292.0,2,1
13293.0,5,1
13299.0,5,1
13300.0,2,1
13301.0,8,1
13302.0,5,1
13303.0,1,0
13305.0,1,0
13308.0,1,0
13311.0,2,1
13312.0,2,0
13315.0,2,1
13317.0,5,1
13319.0,4,1
13322.0,4,1
13324.0,5,1
13325.0,5,1
13328.0,2,1
13329.0,8,1
13330.0,5,1
13333.0,3,1
13335.0,1,0
13337.0,2,1
13338.0,1,0
13341.0,2,1
13342.0,5,1
13344.0,2,1
13346.0,4,1
13347.0,5,1
13348.0,6,1
13350.0,6,1
13352.0,3,1
13353.0,8,1
13357.0,2,1
13359.0,4,1
13362.0,4,1
13363.0,2,1
13365.0,3,1
13366.0,1,0
13367.0,4,1
13369.0,2,1
13372.0,8,1
13377.0,1,0
13378.0,2,1
13383.0,5,1
13384.0,4,1
13385.0,3,1
13387.0,11,1
13393.0,9,0
13394.0,1,0
13395.0,8,0
13396.0,2,0
13397.0,1,0
13398.0,1,0
13399.0,7,1
13400.0,3,1
13405.0,1,0
13406.0,9,1
13408.0,1,0
13409.0,3,1
13411.0,6,1
13412.0,2,0
13417.0,2,1
13419.0,1,0
13420.0,2,0
13422.0,1,0
13425.0,2,1
13427.0,4,1
13432.0,1,0
13434.0,8,1
13438.0,2,0
13439.0,6,1
13440.0,2,1
13441.0,4,0
13443.0,6,0
13444.0,3,1
13448.0,4,1
13452.0,1,0
13453.0,2,1
13454.0,2,0
13456.0,7,1
13461.0,4,0
13462.0,3,1
13464.0,8,1
13466.0,3,0
13468.0,3,1
13469.0,7,0
13470.0,3,1
13471.0,1,0
13475.0,3,1
13478.0,5,1
13480.0,2,1
13482.0,1,0
13483.0,1,0
13484.0,1,0
13486.0,3,1
13488.0,1,0
13490.0,3,1
13492.0,2,1
13494.0,2,1
13495.0,2,0
13496.0,2,1
13497.0,1,0
13498.0,1,0
13506.0,3,1
13508.0,4,0
13509.0,6,0
13511.0,5,1
13514.0,4,1
13516.0,5,0
13520.0,8,0
13521.0,1,0
13522.0,2,1
13523.0,3,0
13526.0,6,1
13527.0,2,1
13528.0,7,0
13531.0,5,1
13532.0,4,1
13533.0,1,0
13534.0,2,1
13539.0,7,1
13541.0,3,1
13542.0,3,0
13543.0,1,0
13547.0,4,0
13548.0,6,1
13549.0,4,1
13550.0,4,1
13551.0,1,0
13552.0,5,1
13553.0,1,0
13555.0,1,0
13556.0,5,1
13557.0,1,0
13563.0,4,1
13564.0,2,1
13565.0,1,0
13569.0,1,0
13570.0,1,0
13572.0,4,1
13575.0,4,1
13576.0,4,1
13577.0,3,1
13578.0,2,1
13579.0,11,0
13580.0,10,1
13581.0,7,0
13583.0,5,1
13584.0,3,1
13585.0,2,1
13586.0,1,0
13589.0,2,1
13590.0,4,1
13591.0,6,1
13592.0,2,1
13594.0,5,1
13595.0,5,1
13600.0,2,1
13605.0,5,1
13608.0,3,1
13612.0,1,0
13613.0,3,1
13617.0,1,0
13618.0,5,1
13621.0,2,1
13623.0,6,1
13624.0,2,1
13625.0,4,0
13627.0,2,1
13630.0,1,0
13631.0,7,1
13632.0,5,1
13640.0,2,1
13641.0,2,1
13644.0,7,1
13648.0,1,0
13649.0,2,1
13653.0,5,1
13654.0,2,1
13655.0,4,1
13658.0,2,1
13659.0,8,1
13660.0,3,1
13662.0,5,1
13666.0,10,1
13667.0,2,1
13671.0,3,1
13672.0,5,1
13674.0,7,1
13676.0,2,1
13680.0,4,0
13681.0,2,0
13684.0,6,1
13685.0,1,0
13686.0,1,0
13687.0,4,1
13688.0,7,1
13691.0,4,1
13693.0,2,1
13694.0,3,1
13696.0,3,1
13697.0,6,1
13698.0,1,0
13699.0,7,1
13701.0,2,1
13702.0,8,1
13704.0,3,1
13706.0,4,1
13709.0,6,1
13710.0,3,1
13711.0,2,1
13713.0,3,1
13719.0,2,1
13720.0,2,1
13721.0,5,1
13723.0,3,1
13726.0,3,1
13727.0,2,1
13729.0,3,1
13731.0,2,1
13732.0,2,1
13733.0,3,0
13734.0,3,1
13737.0,3,1
13741.0,2,1
13742.0,3,1
13743.0,2,0
13744.0,3,1
13747.0,2,1
13750.0,2,1
13754.0,6,1
13755.0,4,1
13757.0,8,1
13759.0,3,1
13761.0,8,1
13762.0,4,1
13763.0,1,0
13764.0,8,1
13765.0,4,1
13766.0,2,1
13769.0,1,0
13773.0,5,1
13775.0,6,1
13776.0,8,1
13778.0,2,1
13782.0,1,0
13783.0,2,1
13784.0,1,0
13785.0,4,1
13787.0,1,0
13789.0,3,1
13790.0,3,1
13793.0,3,1
13797.0,6,1
13798.0,1,0
13799.0,4,1
13804.0,2,0
13809.0,2,0
13810.0,4,1
13818.0,8,1
13819.0,4,1
13821.0,3,1
13823.0,4,1
13824.0,2,1
13825.0,1,0
13826.0,7,1
13827.0,1,0
13830.0,1,0
13832.0,3,1
13833.0,1,0
13834.0,1,0
13835.0,2,1
13839.0,6,1
13841.0,1,0
13842.0,1,0
13843.0,5,0
13845.0,2,1
13847.0,1,0
13849.0,4,1
13851.0,6,0
13853.0,2,0
13858.0,10,1
13859.0,1,0
13860.0,6,1
13871.0,2,1
13874.0,1,0
13882.0,3,0
13884.0,2,1
13887.0,6,1
13888.0,10,1
13892.0,3,1
13894.0,8,1
13895.0,1,0
13896.0,3,1
13897.0,3,0
13898.0,4,1
13899.0,5,1
13900.0,7,0
13902.0,1,0
13907.0,1,0
13908.0,1,0
13910.0,2,1
13918.0,6,1
13919.0,1,0
13920.0,11,1
13922.0,3,1
13923.0,2,0
13924.0,4,1
13925.0,2,0
13928.0,2,1
13930.0,1,0
13932.0,2,1
13933.0,5,1
13938.0,6,1
13940.0,4,0
13941.0,1,0
13942.0,5,0
13945.0,6,1
13947.0,1,0
13948.0,3,1
13955.0,2,1
13956.0,2,1
13957.0,9,1
13960.0,4,1
13961.0,3,1
13962.0,2,1
13964.0,5,1
13968.0,2,1
13970.0,3,0
13973.0,5,1
13974.0,8,1
13976.0,2,1
13977.0,4,1
13978.0,3,1
13979.0,1,0
13982.0,3,1
13984.0,3,1
13985.0,6,1
13989.0,3,1
13992.0,1,0
13995.0,2,1
13996.0,1,0
14000.0,2,1
14003.0,2,1
14005.0,4,1
14007.0,2,1
14008.0,6,1
14009.0,5,1
14011.0,2,1
14012.0,3,0
14013.0,5,1
14016.0,5,1
14018.0,9,1
14019.0,4,1
14024.0,2,1
14026.0,6,1
14027.0,4,1
14028.0,2,1
14029.0,2,1
14032.0,9,1
14033.0,2,0
14035.0,6,1
14037.0,8,1
14038.0,3,1
14039.0,3,1
14040.0,7,1
14041.0,5,1
14042.0,7,1
14043.0,2,1
14044.0,1,0
14046.0,1,0
14048.0,2,1
14049.0,8,1
14050.0,3,1
14051.0,6,1
14053.0,5,1
14054.0,2,1
14058.0,2,1
14061.0,2,1
14062.0,10,1
14066.0,2,1
14067.0,1,0
14068.0,2,1
14070.0,2,1
14073.0,2,1
14076.0,8,0
14077.0,2,1
14081.0,1,0
14083.0,2,1
14084.0,6,1
14085.0,2,1
14086.0,8,1
14093.0,1,0
14094.0,6,1
14095.0,2,1
14096.0,2,1
14098.0,2,1
14099.0,1,0
14101.0,7,1
14102.0,8,1
14103.0,6,0
14106.0,2,1
14107.0,3,1
14108.0,2,1
14110.0,10,1
14111.0,6,1
14113.0,2,1
14114.0,6,1
14118.0,4,1
14124.0,3,1
14125.0,2,1
14128.0,2,1
14129.0,3,1
14130.0,3,1
14132.0,5,1
14133.0,5,1
14135.0,2,1
14139.0,3,1
14140.0,2,1
14141.0,9,1
14142.0,1,0
14146.0,2,1
14147.0,3,1
14148.0,3,1
14150.0,1,0
14154.0,3,1
14157.0,3,1
14158.0,4,1
14170.0,4,1
14172.0,10,1
14173.0,3,1
14176.0,4,1
14177.0,5,1
14179.0,2,1
14181.0,2,1
14182.0,1,0
14183.0,4,1
14185.0,3,1
14186.0,3,1
14187.0,2,1
14189.0,5,1
14190.0,1,0
14194.0,1,0
14195.0,2,0
14198.0,1,0
14199.0,5,1
14200.0,4,1
14201.0,7,1
14202.0,1,0
14204.0,2,1
14206.0,1,0
14208.0,2,0
14210.0,1,0
14214.0,2,0
14217.0,3,1
14220.0,7,1
14222.0,3,1
14223.0,2,0
14226.0,3,1
14227.0,3,1
14228.0,1,0
14232.0,1,0
14234.0,4,0
14237.0,4,0
14240.0,3,1
14241.0,2,0
14242.0,3,1
14243.0,2,0
14244.0,2,0
14245.0,1,0
14247.0,3,0
14250.0,3,0
14251.0,1,0
14252.0,1,0
14253.0,6,1
14254.0,1,0
14256.0,1,0
14259.0,4,0
14260.0,1,0
14263.0,6,1
14265.0,6,1
14266.0,8,1
14267.0,2,0
14272.0,3,0
14273.0,6,1
14274.0,5,0
14275.0,7,1
14277.0,1,0
14278.0,2,1
14279.0,4,0
14280.0,4,1
14281.0,2,0
14282.0,1,0
14283.0,2,1
14284.0,4,1
14285.0,3,1
14287.0,1,0
14288.0,1,0
14289.0,1,0
14291.0,6,0
14292.0,1,0
14293.0,6,1
14294.0,2,0
14295.0,1,0
14298.0,1,0
14299.0,1,0
14300.0,1,0
14301.0,1,0
14302.0,1,0
14303.0,6,1
14304.0,8,1
14307.0,3,1
14309.0,3,1
14313.0,4,1
14314.0,5,1
14316.0,2,1
14317.0,1,0
14318.0,3,1
14319.0,1,0
14321.0,1,0
14323.0,3,1
14325.0,4,0
14326.0,2,0
14327.0,1,0
14329.0,6,1
14330.0,2,1
14334.0,2,1
14335.0,5,1
14336.0,2,1
14339.0,1,0
14340.0,1,0
14341.0,2,1
14347.0,1,0
14349.0,4,0
14350.0,1,0
14351.0,2,0
14355.0,2,1
14356.0,2,1
14357.0,4,1
14358.0,5,1
14359.0,1,0
14361.0,2,0
14362.0,2,1
14363.0,2,1
14365.0,5,1
14368.0,2,1
14369.0,2,1
14371.0,1,0
14372.0,2,0
14373.0,3,0
14374.0,4,1
14377.0,8,0
14378.0,1,0
14380.0,5,1
14382.0,1,0
14383.0,1,0
14384.0,1,0
14387.0,2,1
14388.0,1,0
14390.0,2,1
14391.0,2,0
14395.0,1,0
14396.0,5,1
14397.0,2,1
14400.0,2,1
14403.0,3,1
14405.0,6,1
14409.0,1,0
14411.0,1,0
14412.0,1,0
14413.0,4,1
14416.0,2,1
14417.0,4,1
14418.0,1,0
14422.0,2,1
14424.0,5,1
14426.0,7,1
14429.0,1,0
14433.0,7,1
14435.0,5,1
14437.0,3,1
14438.0,4,1
14439.0,4,1
14441.0,8,1
14442.0,2,1
14443.0,2,1
14445.0,2,1
14448.0,3,1
14451.0,3,1
14453.0,2,1
14454.0,5,1
14455.0,4,1
14457.0,2,1
14459.0,3,1
14462.0,2,1
14464.0,2,0
14467.0,1,0
14469.0,5,1
14470.0,2,1
14471.0,5,1
14477.0,2,1
14478.0,4,1
14479.0,8,1
14480.0,1,0
14482.0,2,1
14484.0,3,1
14485.0,2,1
14491.0,2,0
14494.0,2,1
14496.0,2,1
14499.0,3,1
14500.0,2,1
14501.0,1,0
14502.0,9,1
14504.0,4,0
14505.0,4,1
14506.0,6,1
14509.0,1,0
14510.0,2,1
14511.0,2,1
14512.0,2,1
14516.0,3,1
14517.0,6,1
14518.0,5,1
14519.0,7,1
14523.0,8,1
14524.0,6,1
14530.0,2,1
14531.0,2,1
14532.0,4,1
14536.0,2,1
14541.0,6,1
14542.0,8,1
14545.0,3,1
14552.0,6,0
14553.0,2,1
14554.0,2,1
14555.0,2,1
14556.0,1,0
14558.0,5,1
14559.0,1,0
14560.0,2,1
14562.0,2,1
14564.0,2,1
14566.0,4,1
14567.0,1,0
14570.0,3,1
14571.0,3,1
14573.0,2,1
14575.0,5,1
14579.0,8,1
14582.0,2,1
14584.0,7,1
14585.0,2,1
14586.0,6,1
14587.0,3,1
14588.0,3,1
14593.0,3,1
14597.0,2,0
14599.0,8,1
14602.0,3,1
14606.0,3,1
14609.0,5,1
14611.0,1,0
14613.0,2,1
14614.0,1,0
14615.0,3,1
14618.0,3,1
14620.0,7,1
14621.0,5,1
14625.0,6,1
14626.0,3,1
14627.0,2,1
14628.0,2,0
14629.0,4,1
14630.0,1,0
14632.0,1,0
14633.0,1,0
14634.0,3,1
14635.0,2,1
14638.0,3,1
14639.0,5,1
14640.0,3,1
14643.0,1,0
14644.0,2,1
14646.0,2,1
14649.0,2,1
14650.0,1,0
14651.0,10,1
14655.0,2,1
14657.0,1,0
14658.0,2,0
14660.0,2,1
14664.0,2,1
14665.0,5,1
14666.0,2,1
14668.0,2,1
14669.0,1,0
14670.0,4,1
14672.0,3,1
14677.0,3,1
14680.0,5,1
14683.0,3,1
14684.0,3,1
14685.0,4,1
14687.0,2,1
14689.0,2,1
14690.0,2,1
14691.0,1,0
14692.0,1,0
14693.0,2,1
14704.0,4,0
14705.0,1,0
14707.0,1,0
14710.0,2,1
14711.0,3,1
14720.0,1,0
14723.0,8,1
14726.0,3,1
14732.0,4,1
14733.0,5,1
14734.0,3,1
14738.0,3,1
14740.0,3,1
14742.0,6,0
14743.0,3,0
14745.0,3,1
14747.0,5,1
14749.0,7,0
14750.0,6,0
14752.0,3,0
14754.0,8,0
14757.0,5,1
14759.0,1,0
14760.0,1,0
14766.0,7,1
14767.0,2,1
14768.0,3,0
14770.0,3,1
14771.0,4,1
14773.0,1,0
14774.0,2,0
14775.0,4,0
14780.0,2,0
14784.0,2,0
14788.0,2,1
14789.0,1,0
14790.0,1,0
14792.0,4,1
14793.0,6,1
14799.0,3,1
14804.0,2,0
14805.0,1,0
14806.0,1,0
14808.0,5,1
14809.0,3,0
14810.0,1,0
14811.0,3,0
14813.0,1,0
14814.0,1,0
14816.0,2,0
14818.0,1,0
14819.0,5,1
14820.0,5,1
14821.0,2,1
14823.0,6,1
14824.0,2,1
14825.0,1,0
14826.0,1,0
14828.0,5,1
14829.0,3,1
14831.0,2,1
14832.0,3,1
14833.0,7,1
14834.0,2,1
14837.0,2,1
14842.0,1,0
14847.0,4,1
14848.0,6,1
14849.0,6,1
14850.0,2,1
14851.0,2,1
14852.0,4,1
14853.0,3,1
14855.0,3,1
14856.0,2,1
14857.0,3,1
14859.0,1,0
14860.0,5,1
14863.0,7,1
14866.0,4,1
14869.0,3,1
14871.0,1,0
14873.0,3,1
14874.0,2,1
14877.0,5,1
14878.0,1,0
14880.0,2,1
14881.0,3,1
14882.0,2,1
14885.0,6,1
14890.0,2,1
14891.0,6,1
14892.0,4,1
14893.0,3,1
14894.0,2,1
14898.0,1,0
14900.0,1,0
14901.0,4,1
14902.0,4,1
14905.0,1,0
14906.0,3,1
14907.0,5,1
14912.0,5,1
14913.0,2,1
14915.0,6,1
14918.0,4,1
14921.0,2,0
14922.0,3,1
14923.0,4,1
14925.0,3,1
14926.0,1,0
14927.0,5,1
14928.0,6,1
14929.0,1,0
14930.0,3,1
14931.0,9,1
14932.0,4,1
14935.0,2,1
14940.0,5,1
14943.0,4,1
14944.0,3,1
14945.0,1,0
14947.0,3,1
14948.0,2,1
14949.0,3,1
14951.0,3,1
14952.0,1,0
14953.0,1,0
14955.0,10,1
14957.0,3,1
14958.0,5,1
14960.0,8,1
14961.0,4,1
14962.0,4,1
14963.0,4,1
14964.0,4,1
14965.0,2,1
14966.0,2,1
14970.0,3,1
14971.0,2,1
14972.0,3,1
14973.0,2,1
14974.0,2,1
14975.0,3,1
14976.0,3,1
14977.0,7,1
14978.0,4,1
14979.0,7,1
14983.0,3,1
14986.0,2,1
14987.0,5,1
14988.0,1,0
14991.0,3,1
14994.0,3,1
14995.0,7,1
14996.0,2,1
15001.0,1,0
15005.0,5,1
15007.0,6,1
15009.0,5,1
15011.0,3,1
15012.0,3,1
15015.0,4,1
15016.0,7,1
15018.0,7,1
15020.0,3,0
15022.0,3,0
15024.0,1,0
15025.0,6,1
15028.0,1,0
15029.0,1,0
15030.0,2,1
15033.0,7,1
15039.0,5,1
15041.0,3,1
15042.0,1,0
15043.0,1,0
15045.0,1,0
15048.0,4,1
15052.0,3,1
15054.0,1,0
15055.0,4,1
15066.0,2,1
15067.0,2,1
15072.0,1,0
15074.0,2,0
15075.0,1,0
15077.0,3,1
15078.0,1,0
15079.0,1,0
15081.0,5,1
15082.0,3,0
15083.0,1,0
15085.0,8,1
15087.0,2,0
15088.0,3,1
15090.0,1,0
15091.0,4,1
15093.0,1,0
15094.0,1,0
15096.0,4,1
15101.0,1,0
15105.0,2,0
15107.0,3,1
15109.0,4,0
15112.0,6,1
15113.0,2,0
15116.0,3,1
15123.0,2,1
15124.0,2,1
15126.0,4,1
15127.0,1,0
15128.0,1,0
15132.0,4,1
15133.0,5,1
15135.0,2,1
15136.0,1,0
15137.0,1,0
15140.0,1,0
15143.0,1,0
15146.0,2,0
15149.0,3,0
15150.0,1,0
15156.0,2,1
15158.0,3,1
15159.0,2,0
15160.0,8,0
15161.0,1,0
15163.0,2,1
15164.0,1,0
15165.0,1,0
15166.0,7,1
15168.0,3,0
15169.0,1,0
15170.0,3,1
15172.0,1,0
15174.0,3,0
15177.0,2,0
15180.0,2,1
15181.0,1,0
15182.0,3,0
15184.0,8,1
15185.0,4,1
15186.0,1,0
15188.0,5,1
15190.0,7,1
15200.0,2,1
15201.0,2,1
15202.0,3,1
15204.0,1,0
15207.0,1,0
15208.0,5,1
15214.0,1,0
15216.0,2,0
15218.0,3,1
15219.0,5,1
15220.0,6,1
15224.0,2,1
15225.0,4,1
15226.0,2,1
15227.0,3,0
15228.0,5,1
15229.0,3,1
15230.0,3,1
15231.0,4,1
15233.0,2,0
15235.0,1,0
15239.0,2,1
15240.0,8,1
15241.0,3,1
15244.0,1,0
15245.0,1,0
15247.0,3,1
15249.0,2,1
15251.0,2,1
15253.0,4,1
15254.0,6,1
15257.0,3,1
15261.0,6,1
15263.0,2,1
15266.0,2,1
15269.0,1,0
15273.0,2,1
15274.0,3,1
15275.0,5,1
15277.0,2,1
15280.0,1,0
15281.0,2,1
15283.0,3,0
15284.0,2,1
15285.0,2,1
15287.0,4,1
15288.0,2,1
15289.0,7,1
15291.0,2,1
15292.0,1,0
15295.0,3,1
15296.0,5,1
15302.0,2,1
15303.0,3,1
15304.0,3,1
15305.0,1,0
15308.0,1,0
15309.0,6,1
15310.0,2,1
15311.0,7,1
15312.0,2,1
15314.0,4,1
15316.0,3,1
15319.0,4,1
15320.0,3,1
15321.0,1,0
15324.0,2,1
15325.0,3,1
15328.0,3,1
15329.0,6,1
15330.0,4,1
15332.0,5,1
15333.0,5,1
15334.0,1,0
15335.0,2,1
15337.0,2,1
15339.0,6,1
15340.0,2,1
15347.0,4,1
15348.0,2,1
15350.0,7,1
15351.0,2,1
15352.0,3,0
15353.0,2,1
15355.0,7,1
15357.0,3,1
15358.0,1,0
15359.0,1,0
15363.0,8,1
15364.0,2,1
15365.0,5,1
15366.0,2,1
15367.0,5,1
15372.0,8,1
15375.0,2,1
15376.0,5,1
15378.0,1,0
15380.0,9,1
15381.0,6,1
15382.0,1,0
15384.0,6,1
15385.0,2,1
15386.0,1,0
15389.0,4,1
15392.0,8,1
15395.0,3,1
15396.0,7,1
15400.0,7,1
15402.0,2,1
15403.0,2,1
15405.0,4,1
15407.0,6,1
15409.0,7,1
15410.0,5,1
15416.0,4,1
15418.0,2,1
15422.0,1,0
15424.0,5,1
15426.0,2,0
15429.0,1,0
15431.0,5,1
15432.0,2,0
15434.0,1,0
15435.0,1,0
15436.0,7,1
15438.0,2,0
15439.0,5,1
15440.0,5,0
15443.0,8,1
15444.0,4,1
15445.0,8,1
15447.0,3,0
15449.0,2,1
15450.0,1,0
15452.0,4,1
15455.0,1,0
15456.0,3,1
15457.0,1,0
15458.0,3,1
15463.0,2,1
15464.0,1,0
15465.0,7,1
15467.0,4,1
15468.0,2,0
15469.0,4,1
15471.0,5,1
15472.0,2,0
15473.0,8,1
15474.0,2,1
15475.0,2,1
15476.0,2,1
15478.0,1,0
15481.0,1,0
15482.0,4,1
15483.0,1,0
15490.0,4,0
15491.0,3,1
15493.0,2,1
15494.0,2,1
15495.0,7,1
15497.0,5,1
15498.0,1,0
15499.0,5,1
15503.0,3,0
15504.0,1,0
15505.0,1,0
15506.0,2,1
15509.0,1,0
15510.0,3,0
15511.0,5,1
15512.0,5,1
15515.0,1,0
15517.0,2,1
15519.0,6,1
15521.0,8,1
15527.0,1,0
15530.0,1,0
15531.0,2,1
15532.0,1,0
15533.0,4,0
15534.0,6,1
15536.0,1,0
15538.0,3,1
15539.0,2,0
15540.0,1,0
15541.0,1,0
15543.0,4,1
15545.0,2,1
15548.0,5,1
15550.0,4,1
15551.0,3,1
15553.0,2,0
15556.0,3,1
15558.0,1,0
15559.0,1,0
15560.0,4,1
15561.0,2,0
15564.0,1,0
15566.0,1,0
15569.0,1,0
15570.0,2,0
15571.0,3,1
15576.0,2,1
15579.0,2,1
15583.0,2,1
15584.0,1,0
15585.0,1,0
15586.0,1,0
15587.0,4,0
15589.0,3,1
15590.0,1,0
15594.0,3,1
15595.0,2,0
15600.0,3,0
15601.0,3,1
15603.0,3,1
15605.0,1,0
15609.0,5,1
15610.0,5,1
15611.0,3,1
15613.0,6,1
15615.0,1,0
15616.0,2,0
15617.0,3,1
15619.0,4,1
15620.0,4,1
15623.0,1,0
15624.0,3,1
15625.0,6,1
15626.0,5,1
15627.0,1,0
15628.0,6,1
15631.0,4,0
15633.0,5,1
15634.0,4,1
15635.0,4,1
15637.0,3,1
15638.0,1,0
15639.0,2,1
15640.0,1,0
15641.0,1,0
15644.0,4,1
15646.0,1,0
15648.0,3,1
15651.0,2,1
15655.0,2,1
15656.0,6,1
15657.0,3,1
15660.0,2,1
15661.0,4,1
15664.0,3,1
15665.0,1,0
15666.0,2,1
15667.0,6,1
15670.0,4,1
15671.0,2,1
15678.0,2,1
15679.0,3,1
15680.0,5,1
15682.0,3,1
15683.0,2,1
15684.0,5,1
15686.0,2,1
15687.0,2,1
15688.0,6,1
15690.0,2,1
15693.0,1,0
15694.0,3,1
15696.0,4,1
15697.0,3,1
15698.0,3,1
15699.0,2,1
15701.0,5,1
15702.0,2,1
15705.0,2,1
15708.0,3,1
15709.0,4,1
15715.0,2,1
15717.0,1,0
15718.0,6,1
15719.0,6,1
15720.0,2,1
15722.0,3,1
15723.0,3,1
15725.0,3,1
15730.0,2,1
15731.0,1,0
15733.0,1,0
15734.0,1,0
15735.0,4,1
15738.0,2,1
15739.0,5,1
15741.0,7,1
15745.0,3,1
15746.0,4,1
15747.0,2,0
15750.0,7,1
15753.0,3,0
15754.0,6,1
15755.0,3,1
15765.0,4,1
15767.0,6,1
15769.0,2,1
15770.0,2,1
15771.0,1,0
15774.0,7,1
15778.0,4,1
15781.0,3,1
15782.0,3,1
15783.0,5,1
15784.0,3,1
15785.0,5,1
15786.0,8,1
15787.0,7,1
15788.0,2,0
15792.0,2,1
15794.0,2,1
15799.0,2,1
15802.0,4,1
15804.0,1,0
15806.0,4,1
15807.0,3,1
15810.0,4,1
15811.0,4,1
15812.0,3,1
15815.0,4,1
15816.0,3,1
15817.0,4,1
15818.0,2,1
15823.0,5,1
15824.0,5,1
15825.0,3,1
15827.0,3,1
15830.0,2,1
15832.0,4,1
15836.0,1,0
15837.0,4,1
15839.0,6,1
15841.0,6,1
15845.0,3,1
15847.0,5,1
15850.0,6,1
15858.0,4,1
15859.0,1,0
15861.0,1,0
15864.0,2,1
15869.0,4,1
15873.0,1,0
15874.0,2,0
15875.0,2,0
15881.0,2,0
15882.0,3,0
15885.0,3,1
15886.0,2,1
15889.0,1,0
15891.0,6,0
15892.0,3,1
15893.0,2,1
15897.0,1,0
15899.0,1,0
15901.0,1,0
15903.0,4,1
15905.0,6,1
15906.0,1,0
15907.0,3,1
15908.0,2,1
15909.0,4,1
15911.0,4,1
15913.0,2,1
15915.0,6,1
15916.0,2,1
15924.0,1,0
15926.0,1,0
15928.0,5,1
15930.0,2,1
15931.0,1,0
15932.0,1,0
15933.0,1,0
15934.0,2,1
15936.0,3,1
15937.0,3,1
15943.0,1,0
15944.0,3,1
15948.0,6,1
15950.0,7,1
15951.0,2,1
15952.0,1,0
15957.0,1,0
15959.0,2,1
15961.0,3,0
15962.0,3,1
15963.0,2,1
15964.0,3,1
15965.0,1,0
15966.0,3,1
15968.0,3,1
15969.0,3,1
15971.0,3,1
15973.0,1,0
15974.0,4,1
15975.0,1,0
15978.0,1,0
15979.0,3,0
15982.0,4,1
15983.0,2,1
15984.0,1,0
15986.0,4,1
15988.0,3,1
15989.0,2,1
15991.0,2,1
15992.0,1,0
15994.0,1,0
15995.0,2,0
15996.0,2,1
15997.0,1,0
15998.0,4,1
15999.0,1,0
16001.0,5,1
16002.0,3,1
16005.0,2,1
16007.0,2,0
16009.0,3,1
16010.0,2,1
16012.0,2,1
16014.0,2,1
16016.0,2,1
16020.0,1,0
16022.0,3,1
16025.0,3,0
16026.0,2,1
16028.0,3,1
16030.0,4,1
16032.0,2,1
16035.0,2,1
16037.0,3,1
16039.0,1,0
16041.0,1,0
16042.0,3,0
16043.0,3,0
16044.0,1,0
16045.0,1,0
16048.0,1,0
16049.0,1,0
16051.0,4,1
16052.0,1,0
16053.0,4,0
16054.0,1,0
16055.0,2,1
16059.0,2,0
16060.0,2,1
16062.0,1,0
16063.0,1,0
16064.0,3,1
16065.0,5,1
16068.0,1,0
16069.0,1,0
16070.0,1,0
16071.0,2,0
16074.0,3,0
16076.0,1,0
16077.0,3,1
16080.0,4,0
16082.0,1,0
16083.0,2,1
16085.0,2,1
16087.0,1,0
16088.0,6,1
16089.0,4,1
16092.0,2,1
16093.0,3,1
16094.0,1,0
16095.0,2,1
16102.0,2,1
16103.0,2,1
16104.0,3,1
16106.0,3,1
16110.0,3,1
16113.0,2,1
16118.0,3,1
16119.0,2,1
16120.0,1,0
16122.0,4,1
16125.0,2,1
16127.0,1,0
16128.0,3,1
16132.0,3,1
16133.0,5,1
16136.0,3,1
16137.0,5,1
16138.0,2,1
16140.0,6,0
16143.0,5,1
16145.0,3,1
16146.0,2,1
16147.0,5,1
16153.0,6,1
16157.0,2,1
16159.0,6,1
16160.0,1,0
16165.0,2,1
16167.0,5,1
16168.0,3,1
16169.0,3,1
16171.0,1,0
16172.0,4,1
16174.0,2,1
16176.0,2,1
16177.0,2,1
16178.0,4,1
16180.0,2,1
16182.0,2,1
16183.0,2,1
16185.0,1,0
16186.0,4,1
16187.0,3,0
16189.0,2,1
16191.0,2,1
16194.0,1,0
16195.0,4,1
16197.0,3,1
16200.0,6,1
16202.0,4,1
16203.0,3,1
16204.0,2,1
16205.0,3,1
16206.0,6,1
16210.0,3,1
16212.0,4,1
16213.0,4,1
16216.0,3,1
16218.0,3,1
16219.0,4,1
16220.0,5,1
16222.0,2,1
16226.0,2,1
16228.0,2,1
16230.0,3,1
16233.0,4,1
16236.0,3,1
16240.0,5,1
16241.0,4,1
16242.0,2,1
16244.0,5,1
16247.0,3,1
16250.0,1,0
16253.0,6,1
16254.0,3,1
16255.0,4,1
16259.0,2,1
16261.0,1,0
16262.0,1,0
16264.0,6,1
16265.0,2,1
16268.0,3,1
16273.0,4,1
16274.0,6,1
16276.0,1,0
16277.0,2,1
16279.0,3,1
16282.0,1,0
16289.0,1,0
16291.0,4,1
16292.0,1,0
16293.0,3,0
16295.0,2,0
16300.0,3,0
16301.0,1,0
16302.0,1,0
16303.0,3,1
16304.0,4,0
16306.0,3,1
16310.0,5,1
16312.0,2,1
16314.0,4,1
16317.0,2,0
16318.0,1,0
16319.0,2,1
16323.0,2,1
16325.0,2,1
16330.0,3,1
16331.0,4,0
16332.0,1,0
16333.0,1,0
16334.0,1,0
16335.0,4,1
16336.0,4,1
16337.0,4,1
16339.0,2,1
16340.0,1,0
16346.0,5,1
16347.0,2,0
16348.0,2,0
16349.0,1,0
16352.0,1,0
16353.0,1,0
16356.0,1,0
16361.0,4,1
16362.0,3,0
16364.0,3,1
16368.0,2,1
16369.0,2,0
16371.0,4,1
16373.0,1,0
16374.0,2,0
16377.0,2,1
16378.0,1,0
16381.0,2,0
16383.0,1,0
16384.0,3,1
16388.0,3,1
16389.0,2,1
16390.0,6,1
16392.0,1,0
16396.0,3,1
16397.0,2,1
16398.0,2,1
16401.0,3,1
16403.0,3,1
16404.0,5,0
16405.0,4,1
16406.0,2,1
16407.0,1,0
16408.0,4,1
16409.0,1,0
16414.0,5,0
16418.0,2,1
16420.0,1,0
16421.0,1,0
16424.0,3,1
16428.0,2,0
16429.0,1,0
16430.0,1,0
16431.0,1,0
16433.0,1,0
16435.0,2,1
16436.0,3,1
16440.0,2,1
16444.0,1,0
16445.0,4,0
16446.0,2,1
16447.0,3,0
16448.0,4,1
16452.0,5,1
16453.0,1,0
16454.0,2,1
16455.0,1,0
16457.0,1,0
16459.0,2,1
16460.0,5,1
16461.0,2,1
16462.0,2,1
16467.0,5,1
16471.0,1,0
16472.0,1,0
16474.0,4,1
16475.0,1,0
16477.0,4,1
16478.0,3,1
16482.0,5,1
16486.0,3,1
16488.0,2,1
16490.0,1,0
16492.0,4,1
16494.0,3,1
16495.0,4,1
16496.0,1,0
16501.0,2,1
16502.0,1,0
16504.0,1,0
16505.0,1,0
16507.0,3,1
16508.0,6,1
16510.0,2,1
16512.0,2,0
16514.0,3,1
16520.0,1,0
16529.0,2,1
16530.0,5,1
16531.0,4,1
16532.0,3,1
16533.0,4,1
16535.0,2,1
16536.0,2,1
16538.0,2,1
16539.0,4,1
16541.0,2,1
16542.0,5,1
16546.0,2,1
16547.0,1,0
16551.0,3,1
16553.0,2,1
16556.0,4,1
16560.0,2,1
16561.0,6,1
16564.0,3,1
16565.0,1,0
16566.0,1,0
16567.0,1,0
16568.0,6,1
16569.0,3,1
16571.0,3,1
16572.0,2,1
16574.0,3,1
16575.0,1,0
16577.0,2,1
16578.0,2,1
16580.0,2,1
16581.0,3,1
16582.0,4,1
16583.0,2,1
16584.0,3,1
16585.0,5,1
16588.0,4,1
16589.0,2,1
16592.0,3,1
16595.0,2,1
16596.0,2,1
16598.0,2,1
16599.0,2,1
16608.0,2,1
16609.0,2,1
16613.0,2,1
16614.0,3,1
16616.0,2,1
16620.0,3,1
16623.0,1,0
16624.0,5,1
16625.0,2,1
16626.0,3,1
16628.0,2,1
16630.0,1,0
16631.0,6,1
16632.0,2,1
16633.0,6,1
16635.0,3,1
16637.0,4,1
16639.0,5,1
16645.0,2,1
16654.0,5,1
16655.0,2,1
16659.0,1,0
16660.0,4,1
16661.0,2,1
16664.0,3,1
16666.0,1,0
16667.0,1,0
16668.0,6,1
16669.0,2,1
16670.0,1,0
16671.0,2,1
16672.0,2,1
16675.0,2,1
16676.0,1,0
16677.0,5,1
16679.0,2,1
16680.0,2,1
16681.0,2,1
16682.0,3,1
16686.0,5,1
16687.0,5,1
16688.0,4,1
16690.0,2,1
16693.0,6,1
16694.0,2,1
16701.0,2,1
16702.0,2,1
16704.0,3,1
16706.0,5,1
16708.0,3,1
16709.0,3,1
16711.0,2,1
16712.0,4,1
16713.0,3,1
16715.0,1,0
16717.0,4,1
16720.0,5,1
16721.0,3,1
16722.0,2,1
16725.0,2,1
16726.0,3,1
16727.0,1,0
16728.0,3,1
16730.0,5,1
16732.0,1,0
16734.0,4,1
16735.0,2,1
16736.0,1,0
16738.0,1,0
16740.0,4,1
16743.0,1,0
16745.0,1,0
16746.0,2,0
16749.0,1,0
16751.0,4,1
16752.0,1,0
16758.0,5,1
16761.0,1,0
16763.0,5,1
16764.0,1,0
16765.0,1,0
16766.0,3,1
16768.0,2,0
16774.0,1,0
16776.0,3,0
16777.0,3,1
16778.0,4,0
16782.0,3,1
16783.0,3,1
16786.0,1,0
16787.0,3,1
16791.0,3,1
16792.0,1,0
16794.0,1,0
16795.0,3,1
16796.0,4,1
16800.0,2,0
16801.0,3,1
16802.0,1,0
16803.0,4,0
16805.0,1,0
16807.0,5,1
16809.0,2,1
16810.0,4,1
16812.0,2,1
16815.0,1,0
16817.0,5,1
16818.0,1,0
16820.0,2,1
16821.0,1,0
16822.0,5,1
16823.0,3,0
16825.0,1,0
16826.0,3,0
16827.0,2,1
16828.0,1,0
16829.0,3,1
16831.0,4,1
16832.0,3,1
16836.0,1,0
16840.0,3,1
16841.0,4,1
16843.0,2,0
16844.0,4,1
16846.0,2,1
16851.0,3,1
16852.0,4,0
16854.0,2,0
16858.0,5,1
16863.0,2,1
16864.0,1,0
16865.0,2,0
16867.0,1,0
16868.0,1,0
16872.0,1,0
16875.0,2,1
16882.0,3,1
16884.0,2,0
16885.0,2,1
16887.0,2,1
16892.0,2,1
16894.0,1,0
16896.0,3,0
16897.0,1,0
16899.0,2,1
16900.0,1,0
16901.0,3,1
16902.0,1,0
16903.0,5,1
16905.0,4,0
16908.0,3,1
16912.0,5,1
16915.0,4,1
16916.0,3,1
16918.0,3,1
16920.0,4,1
16922.0,3,1
16923.0,3,1
16924.0,2,1
16926.0,4,1
16927.0,2,1
16931.0,1,0
16933.0,1,0
16935.0,1,0
16937.0,3,1
16938.0,1,0
16939.0,3,1
16940.0,1,0
16941.0,4,1
16943.0,1,0
16944.0,3,1
16948.0,2,1
16949.0,5,1
16950.0,1,0
16953.0,3,1
16958.0,2,1
16960.0,1,0
16963.0,1,0
16964.0,2,0
16965.0,2,0
16968.0,5,1
16969.0,1,0
16970.0,1,0
16974.0,1,0
16975.0,2,0
16981.0,3,1
16982.0,3,1
16983.0,2,1
16984.0,2,1
16985.0,3,1
16989.0,5,1
16991.0,1,0
16992.0,2,1
16993.0,2,1
16995.0,2,1
16998.0,2,1
17000.0,1,0
17001.0,5,1
17003.0,2,1
17005.0,1,0
17008.0,2,1
17012.0,2,1
17016.0,2,1
17017.0,1,0
17018.0,2,1
17027.0,2,1
17030.0,2,1
17034.0,2,1
17035.0,4,1
17036.0,2,1
17038.0,5,1
17039.0,1,0
17040.0,5,1
17041.0,2,1
17042.0,2,1
17043.0,4,1
17044.0,2,1
17049.0,3,1
17050.0,3,1
17051.0,2,1
17052.0,1,0
17054.0,2,1
17057.0,3,1
17060.0,1,0
17061.0,3,1
17064.0,2,1
17068.0,3,1
17070.0,4,1
17072.0,3,1
17074.0,2,1
17077.0,4,1
17078.0,2,0
17079.0,2,1
17081.0,2,1
17082.0,4,1
17083.0,3,1
17084.0,2,1
17086.0,3,1
17088.0,2,1
17089.0,5,1
17091.0,5,1
17093.0,1,0
17094.0,5,1
17097.0,5,1
17098.0,1,0
17100.0,3,1
17101.0,2,1
17102.0,3,1
17103.0,5,1
17108.0,1,0
17109.0,1,0
17111.0,3,1
17112.0,2,1
17113.0,5,1
17114.0,2,1
17115.0,2,1
17118.0,2,1
17120.0,1,0
17121.0,1,0
17122.0,4,1
17123.0,2,1
17126.0,4,1
17127.0,4,1
17129.0,2,1
17137.0,4,1
17138.0,2,1
17142.0,4,1
17145.0,2,1
17146.0,2,1
17150.0,2,1
17151.0,2,1
17152.0,2,1
17159.0,1,0
17160.0,5,1
17162.0,5,1
17165.0,3,1
17166.0,5,1
17167.0,1,0
17168.0,2,1
17169.0,4,1
17171.0,3,1
17172.0,1,0
17176.0,1,0
17177.0,5,1
17179.0,2,1
17180.0,3,1
17182.0,2,1
17184.0,5,1
17187.0,5,1
17188.0,3,1
17190.0,3,1
17192.0,4,1
17193.0,3,1
17195.0,1,0
17196.0,1,0
17198.0,4,1
17199.0,2,1
17209.0,1,0
17212.0,1,0
17215.0,3,1
17217.0,1,0
17220.0,1,0
17223.0,1,0
17227.0,1,0
17228.0,4,1
17229.0,3,1
17231.0,1,0
17232.0,1,0
17236.0,3,1
17237.0,1,0
17238.0,3,1
17240.0,2,0
17241.0,4,1
17243.0,1,0
17244.0,2,1
17246.0,1,0
17249.0,4,1
17250.0,3,1
17252.0,1,0
17256.0,1,0
17258.0,1,0
17260.0,2,1
17261.0,4,1
17262.0,4,1
17263.0,2,1
17265.0,1,0
17266.0,1,0
17268.0,1,0
17269.0,1,0
17270.0,3,0
17271.0,2,1
17272.0,2,0
17273.0,2,1
17274.0,3,1
17276.0,4,1
17277.0,3,1
17281.0,3,1
17284.0,1,0
17286.0,1,0
17289.0,1,0
17290.0,3,1
17293.0,1,0
17295.0,4,1
17298.0,2,1
17299.0,3,0
17301.0,2,1
17302.0,1,0
17303.0,1,0
17304.0,1,0
17307.0,2,1
17310.0,4,1
17313.0,2,1
17314.0,2,1
17315.0,4,1
17316.0,2,1
17319.0,1,0
17321.0,1,0
17323.0,4,1
17326.0,2,0
17329.0,1,0
17330.0,2,0
17332.0,1,0
17333.0,1,0
17334.0,1,0
17337.0,1,0
17338.0,1,0
17343.0,2,1
17346.0,2,0
17355.0,2,1
17357.0,1,0
17363.0,3,1
17368.0,2,1
17371.0,4,1
17372.0,4,1
17373.0,2,1
17374.0,1,0
17375.0,4,1
17376.0,2,0
17377.0,2,1
17378.0,2,1
17383.0,3,1
17389.0,1,0
17390.0,3,1
17392.0,3,1
17393.0,1,0
17398.0,1,0
17399.0,2,1
17401.0,3,1
17404.0,3,1
17406.0,1,0
17407.0,4,1
17409.0,2,0
17410.0,3,1
17411.0,2,1
17413.0,3,1
17414.0,2,1
17416.0,2,1
17417.0,3,1
17419.0,2,1
17420.0,1,0
17421.0,2,1
17423.0,3,1
17424.0,2,1
17425.0,3,1
17426.0,2,1
17428.0,3,1
17429.0,2,1
17431.0,2,1
17432.0,2,1
17433.0,2,1
17435.0,2,1
17440.0,3,1
17445.0,2,1
17447.0,2,0
17449.0,2,1
17452.0,2,1
17453.0,2,1
17454.0,4,1
17457.0,2,1
17459.0,2,1
17460.0,2,1
17463.0,2,1
17464.0,4,1
17470.0,4,1
17471.0,3,1
17475.0,1,0
17476.0,2,1
17478.0,4,1
17479.0,1,0
17480.0,2,1
17481.0,2,1
17482.0,4,1
17485.0,2,1
17489.0,3,1
17490.0,4,1
17491.0,3,1
17493.0,4,1
17494.0,4,1
17496.0,3,1
17497.0,3,1
17499.0,2,1
17502.0,2,1
17505.0,2,1
17506.0,2,1
17507.0,2,1
17508.0,2,1
17510.0,4,1
17512.0,1,0
17514.0,2,1
17516.0,4,1
17520.0,1,0
17526.0,3,1
17531.0,4,1
17532.0,1,0
17534.0,2,1
17540.0,3,1
17544.0,2,1
17545.0,4,1
17549.0,1,0
17550.0,4,1
17551.0,3,1
17552.0,1,0
17557.0,1,0
17561.0,2,1
17562.0,3,1
17566.0,4,1
17568.0,3,1
17569.0,4,1
17570.0,3,1
17571.0,4,1
17573.0,1,0
17575.0,4,1
17577.0,4,1
17579.0,1,0
17580.0,3,1
17581.0,2,1
17584.0,1,0
17585.0,3,1
17589.0,3,1
17593.0,2,0
17594.0,4,1
17601.0,2,1
17602.0,2,1
17603.0,2,1
17606.0,3,1
17608.0,2,0
17612.0,1,0
17614.0,1,0
17617.0,3,1
17620.0,2,1
17622.0,1,0
17625.0,2,1
17626.0,1,0
17628.0,3,1
17631.0,2,1
17633.0,1,0
17634.0,2,1
17636.0,1,0
17643.0,1,0
17644.0,1,0
17647.0,2,1
17648.0,3,1
17650.0,2,1
17651.0,3,1
17653.0,1,0
17660.0,1,0
17662.0,1,0
17663.0,2,1
17664.0,3,1
17665.0,2,0
17668.0,3,1
17669.0,1,0
17671.0,1,0
17672.0,3,1
17673.0,2,1
17674.0,1,0
17675.0,1,0
17676.0,1,0
17678.0,1,0
17681.0,1,0
17682.0,1,0
17683.0,2,1
17684.0,1,0
17685.0,1,0
17686.0,1,0
17693.0,2,1
17694.0,1,0
17695.0,2,1
17696.0,2,1
17698.0,2,0
17699.0,2,0
17703.0,2,1
17704.0,2,1
17705.0,2,0
17710.0,3,1
17711.0,1,0
17712.0,1,0
17713.0,2,1
17717.0,1,0
17719.0,1,0
17720.0,1,0
17723.0,3,1
17724.0,2,1
17726.0,2,1
17728.0,2,1
17729.0,1,0
17731.0,1,0
17739.0,2,1
17741.0,2,1
17744.0,2,1
17746.0,2,0
17747.0,2,1
17750.0,2,1
17751.0,1,0
17754.0,3,1
17759.0,3,1
17760.0,2,1
17763.0,3,1
17768.0,1,0
17769.0,3,1
17772.0,3,1
17773.0,1,0
17774.0,3,1
17776.0,2,1
17778.0,1,0
17780.0,3,1
17781.0,1,0
17783.0,1,0
17786.0,2,0
17787.0,3,1
17788.0,2,1
17789.0,1,0
17790.0,3,1
17791.0,1,0
17792.0,1,0
17793.0,2,1
17794.0,2,1
17796.0,1,0
17798.0,1,0
17799.0,2,0
17800.0,1,0
17801.0,1,0
17802.0,1,0
17804.0,1,0
17806.0,3,1
17807.0,1,0
17808.0,1,0
17809.0,1,0
17812.0,3,1
17813.0,3,1
17814.0,2,1
17815.0,2,1
17817.0,2,0
17818.0,1,0
17819.0,1,0
17822.0,3,1
17823.0,3,1
17824.0,1,0
17826.0,1,0
17828.0,3,1
17830.0,1,0
17833.0,2,1
17834.0,2,0
17838.0,3,1
17839.0,1,0
17841.0,1,0
17842.0,1,0
17843.0,2,0
17848.0,3,1
17849.0,2,1
17850.0,3,1
17852.0,3,1
17853.0,2,0
17854.0,1,0
17855.0,2,1
17860.0,2,1
17861.0,1,0
17864.0,3,1
17865.0,1,0
17866.0,2,1
17868.0,1,0
17869.0,2,1
17871.0,3,1
17872.0,2,1
17876.0,2,1
17877.0,2,1
17879.0,1,0
17881.0,2,1
17882.0,3,1
17884.0,3,1
17885.0,3,1
17893.0,1,0
17894.0,1,0
17896.0,3,1
17899.0,2,1
17900.0,2,1
17901.0,2,1
17902.0,1,0
17905.0,3,1
17906.0,2,0
17908.0,3,1
17909.0,2,1
17912.0,2,1
17916.0,2,1
17920.0,3,1
17921.0,3,1
17922.0,2,1
17923.0,2,1
17927.0,3,1
17929.0,1,0
17931.0,3,1
17933.0,2,1
17934.0,2,1
17937.0,3,1
17938.0,3,1
17939.0,2,1
17945.0,2,1
17946.0,2,1
17948.0,2,1
17949.0,1,0
17950.0,2,1
17953.0,3,1
17955.0,3,1
17958.0,1,0
17960.0,2,1
17961.0,2,1
17962.0,2,1
17964.0,2,1
17968.0,2,1
17970.0,3,1
17971.0,3,1
17972.0,3,1
17973.0,2,1
17975.0,2,1
17978.0,2,1
17979.0,1,0
17985.0,2,1
17987.0,2,1
17989.0,2,1
17990.0,2,1
17992.0,2,1
17994.0,3,1
17995.0,2,1
17996.0,2,0
17997.0,2,1
17998.0,2,1
17999.0,3,1
18001.0,3,1
18002.0,2,1
18003.0,3,1
18004.0,3,1
18005.0,2,1
18009.0,3,1
18010.0,2,1
18011.0,1,0
18013.0,3,1
18017.0,2,1
18020.0,2,1
18021.0,2,1
18022.0,2,1
18023.0,2,1
18025.0,3,1
18026.0,2,1
18027.0,3,1
18028.0,3,1
18029.0,2,1
18030.0,3,1
18031.0,1,0
18032.0,2,1
18034.0,1,0
18038.0,2,1
18039.0,2,1
18041.0,2,1
18042.0,3,1
18043.0,3,1
18045.0,1,0
18047.0,3,1
18048.0,3,1
18052.0,1,0
18055.0,2,1
18058.0,2,1
18059.0,3,1
18061.0,2,1
18062.0,3,1
18064.0,3,1
18065.0,3,1
18066.0,3,1
18067.0,3,1
18068.0,2,1
18069.0,3,1
18070.0,2,1
18072.0,2,1
18076.0,2,1
18078.0,2,1
18081.0,2,1
18082.0,1,0
18084.0,2,1
18087.0,2,1
18088.0,2,1
18089.0,2,1
18090.0,1,0
18091.0,1,0
18093.0,2,1
18094.0,2,1
18097.0,2,1
18098.0,2,1
18100.0,1,0
18101.0,1,0
18103.0,2,1
18104.0,2,1
18106.0,2,1
18108.0,2,1
18110.0,2,1
18113.0,2,1
18114.0,1,0
18116.0,1,0
18118.0,1,0
18119.0,1,0
18122.0,1,0
18123.0,1,0
18125.0,2,1
18127.0,2,1
18128.0,2,1
18130.0,1,0
18131.0,2,1
18132.0,1,0
18133.0,1,0
18135.0,2,1
18137.0,1,0
18141.0,1,0
18142.0,2,1
18144.0,2,1
18146.0,2,1
18148.0,2,1
18151.0,1,0
18152.0,1,0
18155.0,2,1
18158.0,1,0
18160.0,1,0
18162.0,1,0
18163.0,2,1
18164.0,2,1
18169.0,2,1
18170.0,2,1
18173.0,2,1
18174.0,1,0
18176.0,1,0
18177.0,2,1
18179.0,1,0
18181.0,2,1
18182.0,1,0
18184.0,1,0
18185.0,2,1
18186.0,2,1
18187.0,2,1
18192.0,2,1
18193.0,2,1
18194.0,1,0
18197.0,2,1
18198.0,1,0
18201.0,2,1
18203.0,1,0
18204.0,2,1
18205.0,1,0
18208.0,2,1
18210.0,2,1
18211.0,1,0
18212.0,2,1
18213.0,1,0
18217.0,1,0
18218.0,1,0
18220.0,2,1
18225.0,1,0
18226.0,1,0
18227.0,1,0
18228.0,2,1
18231.0,1,0
18232.0,1,0
18235.0,2,1
18236.0,2,1
18237.0,1,0
18241.0,1,0
18242.0,1,0
18243.0,2,1
18246.0,1,0
18249.0,2,1
18253.0,1,0
18256.0,1,0
18257.0,2,1
18258.0,2,1
18260.0,1,0
18263.0,2,1
18264.0,2,1
18265.0,2,1
18267.0,1,0
18268.0,2,1
18270.0,1,0
18271.0,2,1
18272.0,1,0
18274.0,1,0
18275.0,2,1
18277.0,1,0
18278.0,1,0
18283.0,1,0
18286.0,2,1
18287.0,2,1
18288.0,1,0
18290.0,2,1
18291.0,1,0
18295.0,1,0
18296.0,1,0
18298.0,2,1
18299.0,1,0
18300.0,2,1
18302.0,2,1
18306.0,1,0
18309.0,1,0
18311.0,1,0
18312.0,1,0
18313.0,1,0
18316.0,1,0
18317.0,1,0
18319.0,1,0
18320.0,1,0
18321.0,2,1
18325.0,2,1
18326.0,2,1
18327.0,2,1
18328.0,2,1
18329.0,2,1
18330.0,1,0
18331.0,1,0
18333.0,1,0
18334.0,1,0
18335.0,2,1
18337.0,2,1
18341.0,2,1
18344.0,2,1
18345.0,1,0
18347.0,2,1
18348.0,2,1
18350.0,2,1
18352.0,2,1
18353.0,2,1
18355.0,2,1
18356.0,2,1
18357.0,1,0
18358.0,2,1
18359.0,2,1
18360.0,1,0
18361.0,2,1
18362.0,2,1
18367.0,2,1
18368.0,1,0
18369.0,2,1
18374.0,2,1
18379.0,2,1
18380.0,2,1
18382.0,2,1
18383.0,2,1
18384.0,1,0
18385.0,2,1
18386.0,2,1
18387.0,2,1
18388.0,2,1
18389.0,2,1
18390.0,2,1
18391.0,2,1
18393.0,2,1
18394.0,2,1
18395.0,1,0
18397.0,2,1
18398.0,2,1
18400.0,2,1
18401.0,1,0
18402.0,2,1
18404.0,2,1
18405.0,2,1
18410.0,2,1
18411.0,2,1
18412.0,2,1
18416.0,2,1
18417.0,2,1
18420.0,2,1
18421.0,2,1
18423.0,2,1
18424.0,2,1
18425.0,2,1
18428.0,2,1
18430.0,1,0
18433.0,2,1
18434.0,2,1
18438.0,2,1
18439.0,2,1
18440.0,2,1
18441.0,2,1
18445.0,2,1
18449.0,2,1
18450.0,2,1
18451.0,2,1
18452.0,2,1
18454.0,2,1
18455.0,2,1
18456.0,2,1
18459.0,2,1
18460.0,1,0
18462.0,2,1
18464.0,1,0
18465.0,1,0
18466.0,2,1
18467.0,2,1
18469.0,2,1
18470.0,2,1
18471.0,2,1
18473.0,2,1
18474.0,2,1
18475.0,1,0
18476.0,2,1
18478.0,2,1
18480.0,1,0
18484.0,2,1
18486.0,2,1
18487.0,2,1
18488.0,1,0
18493.0,2,1
18496.0,2,1
18497.0,2,1
18498.0,2,1
18500.0,2,1
18501.0,2,1
18505.0,2,1
18507.0,2,1
18509.0,2,1
18510.0,2,1
18512.0,2,1
18517.0,2,1
18520.0,2,1
18522.0,2,1
18525.0,2,1
18526.0,2,1
18528.0,2,1
18529.0,1,0
18531.0,2,1
18533.0,2,1
18536.0,2,1
18538.0,2,1
18539.0,2,1
18540.0,2,1
18541.0,2,1
18542.0,2,1
18544.0,2,1
18546.0,2,1
18547.0,2,1
18550.0,1,0
18551.0,2,1
18553.0,1,0
18554.0,1,0
18558.0,1,0
18561.0,1,0
18562.0,1,0
18564.0,1,0
18565.0,1,0
18568.0,1,0
18569.0,1,0
18571.0,1,0
18574.0,1,0
18576.0,1,0
18579.0,1,0
18580.0,1,0
18581.0,1,0
18584.0,1,0
18586.0,1,0
18587.0,1,0
18588.0,1,0
18590.0,1,0
18593.0,1,0
18595.0,1,0
18596.0,1,0
18597.0,1,0
18598.0,1,0
18599.0,1,0
18601.0,1,0
18602.0,1,0
18603.0,1,0
18605.0,1,0
18607.0,1,0
18608.0,1,0
18609.0,1,0
18610.0,1,0
18611.0,1,0
18612.0,1,0
18614.0,1,0
18616.0,1,0
18617.0,1,0
18618.0,1,0
18627.0,1,0
18628.0,1,0
18629.0,1,0
18632.0,1,0
18633.0,1,0
18634.0,1,0
18635.0,1,0
18637.0,1,0
18639.0,1,0
18641.0,1,0
18642.0,1,0
18645.0,1,0
18647.0,1,0
18649.0,1,0
18650.0,1,0
18652.0,1,0
18653.0,1,0
18654.0,1,0
18656.0,1,0
18658.0,1,0
18659.0,1,0
18661.0,1,0
18663.0,1,0
18667.0,1,0
18671.0,1,0
18672.0,1,0
18678.0,1,0
18679.0,1,0
18682.0,1,0
18685.0,1,0
18687.0,1,0
18688.0,1,0
18689.0,1,0
18691.0,1,0
18694.0,1,0
18696.0,1,0
18699.0,1,0
18700.0,1,0
18701.0,1,0
18703.0,1,0
18705.0,1,0
18708.0,1,0
18709.0,1,0
18711.0,1,0
18712.0,1,0
18714.0,1,0
18715.0,1,0
18716.0,1,0
18718.0,1,0
18719.0,1,0
18721.0,1,0
18724.0,1,0
18725.0,1,0
18731.0,1,0
18732.0,1,0
18733.0,1,0
18739.0,1,0
18741.0,1,0
18743.0,1,0
18744.0,1,0
18745.0,1,0
18746.0,1,0
18747.0,1,0
18751.0,1,0
18752.0,1,0
18753.0,1,0
18754.0,1,0
18758.0,1,0
18761.0,1,0
18762.0,1,0
18763.0,1,0
18764.0,1,0
18766.0,1,0
18767.0,1,0
18768.0,1,0
18769.0,1,0
18770.0,1,0
18773.0,1,0
18774.0,1,0
18778.0,1,0
18779.0,1,0
18781.0,1,0
18782.0,1,0
18785.0,1,0
18787.0,1,0
18788.0,1,0
18789.0,1,0
18792.0,1,0
18793.0,1,0
18794.0,1,0
18795.0,1,0
18797.0,1,0
18804.0,1,0
18805.0,1,0
18806.0,1,0
18809.0,1,0
18811.0,1,0
18812.0,1,0
18813.0,1,0
18814.0,1,0
18815.0,1,0
18816.0,1,0
18817.0,1,0
18822.0,1,0
18823.0,1,0
18824.0,1,0
18825.0,1,0
18826.0,1,0
18827.0,1,0
18829.0,1,0
18830.0,1,0
18831.0,1,0
18835.0,1,0
18837.0,1,0
18838.0,1,0
18840.0,1,0
18843.0,1,0
18844.0,1,0
18845.0,1,0
18849.0,1,0
18853.0,1,0
18855.0,1,0
18859.0,1,0
18860.0,1,0
18861.0,1,0
18864.0,1,0
18866.0,1,0
18868.0,1,0
18869.0,1,0
18872.0,1,0
18873.0,1,0
18876.0,1,0
18878.0,1,0
18880.0,1,0
18881.0,1,0
18883.0,1,0
18884.0,1,0
18885.0,1,0
18886.0,1,0
18887.0,1,0
18888.0,1,0
18889.0,1,0
18892.0,1,0
18894.0,1,0
18895.0,1,0
18896.0,1,0
18898.0,1,0
18902.0,1,0
18903.0,1,0
18904.0,1,0
18908.0,1,0
18912.0,1,0
18913.0,1,0
18915.0,1,0
18917.0,1,0
18920.0,1,0
18923.0,1,0
18926.0,1,0
18927.0,1,0
18931.0,1,0
18933.0,1,0
18934.0,1,0
18935.0,1,0
18938.0,1,0
18939.0,1,0
18940.0,1,0
18941.0,1,0
18942.0,1,0
18943.0,1,0
18945.0,1,0
18948.0,1,0
18952.0,1,0
18953.0,1,0
18954.0,1,0
18955.0,1,0
18957.0,1,0
18965.0,1,0
18966.0,1,0
18969.0,1,0
18970.0,1,0
18971.0,1,0
18972.0,1,0
18973.0,1,0
18977.0,1,0
18979.0,1,0
18980.0,1,0
18982.0,1,0
18983.0,1,0
18984.0,1,0
18987.0,1,0
18988.0,1,0
18989.0,1,0
18991.0,1,0
18993.0,1,0
18998.0,1,0
19001.0,1,0
19008.0,1,0
19010.0,1,0
19011.0,1,0
19014.0,1,0
19015.0,1,0
19018.0,1,0
19019.0,1,0
19021.0,1,0
19023.0,1,0
19025.0,1,0
19030.0,1,0
19032.0,1,0
19037.0,1,0
19039.0,1,0
19040.0,1,0
19042.0,1,0
19043.0,1,0
19044.0,1,0
19045.0,1,0
19047.0,1,0
19048.0,1,0
19049.0,1,0
19050.0,1,0
19053.0,1,0
19055.0,1,0
19056.0,1,0
19059.0,1,0
19060.0,1,0
19061.0,1,0
19063.0,1,0
